{"confusion": 0.5402386164509124, "dangers": 0.3939297105912422, "dangerous": 0.3867293723662065, "shocking": 0.3746970219959627, "something": 0.3599935769414534, "unpredictable": 0.3458318113571637, "anomalous": 0.33311204685701973, "concerns": 0.32749574848035723, "that": 0.3199346037146467, "they": 0.30881649272929873, "apparent": 0.30219898650476046, "it": 0.30034611967158426}