{"dangers": 0.3939297105912422, "shocking": 0.3746970219959627, "anomalous": 0.33311204685701973, "struggling": 0.32224357512011353, "that": 0.3199346037146467, "repeatedly": 0.30081027485016304, "it": 0.30034611967158426}