{"confusion": 0.5402386164509124, "dangerous": 0.3867293723662065, "shocking": 0.3746970219959627, "when": 0.3639973848847503, "cause": 0.3524045041675451, "even": 0.34693562533865335, "harm": 0.33926869345182253, "thing": 0.334617802674614, "anomalous": 0.33311204685701973, "seriously": 0.3290226136508412, "that": 0.3199346037146467, "what": 0.3123327627287958, "it": 0.30034611967158426}