token	similarity
panic	1.0
chaos	0.6202660691803873
fear	0.6138941609247863
deadly	0.43952932322993377
widespread	0.39420462861870775
shocking	0.3746970219959627
causing	0.35029004564759286
even	0.34693562533865335
that	0.3199346037146467
they	0.30881649272929873
caused	0.3036122578603176
it	0.30034611967158426
